{
  "name": "font-awesome",
  "repo": "components/font-awesome",
  "version": "5.9.0",
  "description": "Font Awesome, the iconic SVG, font, and CSS framework.",
  "styles": [
    "css/fontawesome-all.css"
  ],
  "files": [
    "webfonts/fa-brands-400.eot",
    "webfonts/fa-brands-400.woff2",
    "webfonts/fa-brands-400.woff",
    "webfonts/fa-brands-400.ttf",
    "webfonts/fa-brands-400.svg",
    "webfonts/fa-regular-400.eot",
    "webfonts/fa-regular-400.woff2",
    "webfonts/fa-regular-400.woff",
    "webfonts/fa-regular-400.ttf",
    "webfonts/fa-regular-400.svg",
    "webfonts/fa-solid-900.eot",
    "webfonts/fa-solid-900.woff2",
    "webfonts/fa-solid-900.woff",
    "webfonts/fa-solid-900.ttf",
    "webfonts/fa-solid-900.svg"
  ],
  "license": [
    "CC-BY-4.0",
    "MIT",
    "OFL-1.1"
  ]
}
